id, restaurant_id,Url
1,1,https://images.unsplash.com/photo-1529042410759-befb1204b468?ixlib=rb-1.2.1&ixid=MnwxMjA3fDB8MHxwaG90by1wYWdlfHx8fGVufDB8fHx8&auto=format&fit=crop&w=686&q=80
2,1,https://images.unsplash.com/photo-1481070555726-e2fe8357725c?ixlib=rb-1.2.1&ixid=MnwxMjA3fDB8MHxwaG90by1wYWdlfHx8fGVufDB8fHx8&auto=format&fit=crop&w=870&q=80
3,2,https://images.unsplash.com/photo-1432139555190-58524dae6a55?ixlib=rb-1.2.1&ixid=MnwxMjA3fDB8MHxwaG90by1wYWdlfHx8fGVufDB8fHx8&auto=format&fit=crop&w=1752&q=80
4,2,https://images.unsplash.com/photo-1546964124-0cce460f38ef?ixlib=rb-1.2.1&ixid=MnwxMjA3fDB8MHxwaG90by1wYWdlfHx8fGVufDB8fHx8&auto=format&fit=crop&w=1740&q=80
5,2,https://images.unsplash.com/photo-1529692236671-f1f6cf9683ba?ixlib=rb-1.2.1&ixid=MnwxMjA3fDB8MHxwaG90by1wYWdlfHx8fGVufDB8fHx8&auto=format&fit=crop&w=1740&q=80
6,2,https://images.unsplash.com/photo-1594041680534-e8c8cdebd659?ixlib=rb-1.2.1&ixid=MnwxMjA3fDB8MHxwaG90by1wYWdlfHx8fGVufDB8fHx8&auto=format&fit=crop&w=928&q=80
7,3,https://images.unsplash.com/photo-1633436375795-12b3b339712f?ixlib=rb-1.2.1&ixid=MnwxMjA3fDB8MHxwaG90by1wYWdlfHx8fGVufDB8fHx8&auto=format&fit=crop&w=687&q=80
8,3,https://images.unsplash.com/photo-1588690793273-4d86028401f0?ixlib=rb-1.2.1&ixid=MnwxMjA3fDB8MHxwaG90by1wYWdlfHx8fGVufDB8fHx8&auto=format&fit=crop&w=1744&q=80
9,3,https://images.unsplash.com/photo-1414235077428-338989a2e8c0?ixlib=rb-1.2.1&ixid=MnwxMjA3fDB8MHxwaG90by1wYWdlfHx8fGVufDB8fHx8&auto=format&fit=crop&w=1740&q=80
10,3,https://images.unsplash.com/photo-1552566626-52f8b828add9?ixlib=rb-1.2.1&ixid=MnwxMjA3fDB8MHxwaG90by1wYWdlfHx8fGVufDB8fHx8&auto=format&fit=crop&w=1740&q=80
11,4,https://images.unsplash.com/photo-1559329007-40df8a9345d8?ixlib=rb-1.2.1&ixid=MnwxMjA3fDB8MHxwaG90by1wYWdlfHx8fGVufDB8fHx8&auto=format&fit=crop&w=687&q=80
12,4,https://images.unsplash.com/photo-1502301103665-0b95cc738daf?ixlib=rb-1.2.1&ixid=MnwxMjA3fDB8MHxwaG90by1wYWdlfHx8fGVufDB8fHx8&auto=format&fit=crop&w=928&q=80
13,4,https://images.unsplash.com/photo-1467003909585-2f8a72700288?ixlib=rb-1.2.1&ixid=MnwxMjA3fDB8MHxwaG90by1wYWdlfHx8fGVufDB8fHx8&auto=format&fit=crop&w=687&q=80
14,4,https://images.unsplash.com/photo-1488992783499-418eb1f62d08?ixlib=rb-1.2.1&ixid=MnwxMjA3fDB8MHxwaG90by1wYWdlfHx8fGVufDB8fHx8&auto=format&fit=crop&w=1889&q=80
15,5,https://images.unsplash.com/photo-1520218508822-998633d997e6?ixlib=rb-1.2.1&ixid=MnwxMjA3fDB8MHxwaG90by1wYWdlfHx8fGVufDB8fHx8&auto=format&fit=crop&w=687&q=80
16,5,https://images.unsplash.com/photo-1520252729650-ddced2015543?ixlib=rb-1.2.1&ixid=MnwxMjA3fDB8MHxwaG90by1wYWdlfHx8fGVufDB8fHx8&auto=format&fit=crop&w=1740&q=80
17,6,https://images.unsplash.com/photo-1617954096142-d712bc1dad61?ixlib=rb-1.2.1&ixid=MnwxMjA3fDB8MHxwaG90by1wYWdlfHx8fGVufDB8fHx8&auto=format&fit=crop&w=1740&q=80
18,7,https://images.unsplash.com/flagged/photo-1556742524-750f2ab99913?ixlib=rb-1.2.1&ixid=MnwxMjA3fDB8MHxwaG90by1wYWdlfHx8fGVufDB8fHx8&auto=format&fit=crop&w=687&q=80
19,7,https://images.unsplash.com/photo-1563245372-f21724e3856d?ixlib=rb-1.2.1&ixid=MnwxMjA3fDB8MHxwaG90by1wYWdlfHx8fGVufDB8fHx8&auto=format&fit=crop&w=1862&q=80
20,7,https://images.unsplash.com/photo-1585032226651-759b368d7246?ixlib=rb-1.2.1&ixid=MnwxMjA3fDB8MHxwaG90by1wYWdlfHx8fGVufDB8fHx8&auto=format&fit=crop&w=1292&q=80
21,8,https://images.unsplash.com/photo-1525755662778-989d0524087e?ixlib=rb-1.2.1&ixid=MnwxMjA3fDB8MHxwaG90by1wYWdlfHx8fGVufDB8fHx8&auto=format&fit=crop&w=1374&q=80
22,8,https://images.unsplash.com/photo-1624067046879-cca70a7cf79c?ixlib=rb-1.2.1&ixid=MnwxMjA3fDB8MHxwaG90by1wYWdlfHx8fGVufDB8fHx8&auto=format&fit=crop&w=687&q=80
23,8,https://images.unsplash.com/photo-1623689046286-01d812cc8bad?ixlib=rb-1.2.1&ixid=MnwxMjA3fDB8MHxwaG90by1wYWdlfHx8fGVufDB8fHx8&auto=format&fit=crop&w=2675&q=80
24,10,https://images.unsplash.com/photo-1569050467447-ce54b3bbc37d?ixlib=rb-1.2.1&ixid=MnwxMjA3fDB8MHxwaG90by1wYWdlfHx8fGVufDB8fHx8&auto=format&fit=crop&w=928&q=80
25,10,https://images.unsplash.com/photo-1576863514292-542ef379c13b?ixlib=rb-1.2.1&ixid=MnwxMjA3fDB8MHxzZWFyY2h8MTB8fGphcGFuZXNlJTIwZm9vZHxlbnwwfHwwfHw%3D&auto=format&fit=crop&w=800&q=60
26,10,https://images.unsplash.com/photo-1608060146923-7b8ab13e22bb?ixlib=rb-1.2.1&ixid=MnwxMjA3fDB8MHxwaG90by1wYWdlfHx8fGVufDB8fHx8&auto=format&fit=crop&w=687&q=80
27,9,https://images.unsplash.com/photo-1624517607896-bb5dfd8f5764?ixlib=rb-1.2.1&ixid=MnwxMjA3fDB8MHxwaG90by1wYWdlfHx8fGVufDB8fHx8&auto=format&fit=crop&w=1740&q=80
28,11,https://images.unsplash.com/photo-1611519684855-7e9e5ddea991?ixlib=rb-1.2.1&ixid=MnwxMjA3fDB8MHxwaG90by1wYWdlfHx8fGVufDB8fHx8&auto=format&fit=crop&w=687&q=80
29,11,https://images.unsplash.com/photo-1635451778386-e5778e66f61e?ixlib=rb-1.2.1&ixid=MnwxMjA3fDB8MHxwaG90by1wYWdlfHx8fGVufDB8fHx8&auto=format&fit=crop&w=687&q=80
30,11,https://images.unsplash.com/photo-1635452273191-f08ce9934102?ixlib=rb-1.2.1&ixid=MnwxMjA3fDB8MHxwaG90by1wYWdlfHx8fGVufDB8fHx8&auto=format&fit=crop&w=687&q=80
31,12,https://images.unsplash.com/photo-1499125562588-29fb8a56b5d5?ixlib=rb-1.2.1&ixid=MnwxMjA3fDB8MHxwaG90by1wYWdlfHx8fGVufDB8fHx8&auto=format&fit=crop&w=2532&q=80
32,12,https://images.unsplash.com/photo-1607246749144-7bc0e401623c?ixlib=rb-1.2.1&ixid=MnwxMjA3fDB8MHxwaG90by1wYWdlfHx8fGVufDB8fHx8&auto=format&fit=crop&w=687&q=80
33,12,https://images.unsplash.com/photo-1628280738974-24e582b9904a?ixlib=rb-1.2.1&ixid=MnwxMjA3fDB8MHxwaG90by1wYWdlfHx8fGVufDB8fHx8&auto=format&fit=crop&w=870&q=80
34,13,https://images.unsplash.com/photo-1635452065566-9c89471bb86c?ixlib=rb-1.2.1&ixid=MnwxMjA3fDB8MHxwaG90by1wYWdlfHx8fGVufDB8fHx8&auto=format&fit=crop&w=687&q=80
35,13,https://images.unsplash.com/photo-1635452065748-295885a75873?ixlib=rb-1.2.1&ixid=MnwxMjA3fDB8MHxwaG90by1wYWdlfHx8fGVufDB8fHx8&auto=format&fit=crop&w=687&q=80
36,13,https://images.unsplash.com/photo-1635452065544-5d577118e9c2?ixlib=rb-1.2.1&ixid=MnwxMjA3fDB8MHxwaG90by1wYWdlfHx8fGVufDB8fHx8&auto=format&fit=crop&w=687&q=80
37,14,https://images.unsplash.com/photo-1583224964978-2257b960c3d3?ixlib=rb-1.2.1&ixid=MnwxMjA3fDB8MHxwaG90by1wYWdlfHx8fGVufDB8fHx8&auto=format&fit=crop&w=1740&q=80
38,14,https://images.unsplash.com/photo-1583224944844-5b268c057b72?ixlib=rb-1.2.1&ixid=MnwxMjA3fDB8MHxwaG90by1wYWdlfHx8fGVufDB8fHx8&auto=format&fit=crop&w=687&q=80
39,16,https://images.unsplash.com/photo-1579576792017-054fe0e86b79?ixlib=rb-1.2.1&ixid=MnwxMjA3fDB8MHxwaG90by1wYWdlfHx8fGVufDB8fHx8&auto=format&fit=crop&w=687&q=80
40,16,https://images.unsplash.com/photo-1616627052149-22c4f8a6316e?ixlib=rb-1.2.1&ixid=MnwxMjA3fDB8MHxwaG90by1wYWdlfHx8fGVufDB8fHx8&auto=format&fit=crop&w=1740&q=80
41,17,https://images.unsplash.com/photo-1548150914-c9f19106dbf6?ixlib=rb-1.2.1&ixid=MnwxMjA3fDB8MHxwaG90by1wYWdlfHx8fGVufDB8fHx8&auto=format&fit=crop&w=930&q=80
42,17,https://images.unsplash.com/photo-1573806439793-82aa612294b2?ixlib=rb-1.2.1&ixid=MnwxMjA3fDB8MHxwaG90by1wYWdlfHx8fGVufDB8fHx8&auto=format&fit=crop&w=687&q=80
43,15,https://images.unsplash.com/photo-1534939561126-855b8675edd7?ixlib=rb-1.2.1&ixid=MnwxMjA3fDB8MHxwaG90by1wYWdlfHx8fGVufDB8fHx8&auto=format&fit=crop&w=687&q=80
44,15,https://images.unsplash.com/photo-1651397573566-7399c9a43efa?ixlib=rb-1.2.1&ixid=MnwxMjA3fDB8MHxwaG90by1wYWdlfHx8fGVufDB8fHx8&auto=format&fit=crop&w=1374&q=80
45,18,https://images.unsplash.com/photo-1641735883611-e2bbcde5b903?ixlib=rb-1.2.1&ixid=MnwxMjA3fDB8MHxwaG90by1wYWdlfHx8fGVufDB8fHx8&auto=format&fit=crop&w=1740&q=80
46,18,https://images.unsplash.com/photo-1485921325833-c519f76c4927?ixlib=rb-1.2.1&ixid=MnwxMjA3fDB8MHxwaG90by1wYWdlfHx8fGVufDB8fHx8&auto=format&fit=crop&w=928&q=80
47,18,https://images.unsplash.com/photo-1594030990808-ebd1c2247c28?ixlib=rb-1.2.1&ixid=MnwxMjA3fDB8MHxwaG90by1wYWdlfHx8fGVufDB8fHx8&auto=format&fit=crop&w=918&q=80